"","X","Unnamed..0","total_loop_times","fc_loop_times","cross_size","minimum_duration","memory_duration","delay_duration","choice_duration","list_index","monkey","target_pic","target_pic_position","pic_bottom","pic_left","pic_right","pic_chosen","pic_chosen_position","choice_rt","response","reward_ornot","jitter_iti","Cumulative_Correct_Rate","trial_index"
"1",0,0,5,1,75,1,5,1,60,228,"J","F:\Pic_TOJ\pic_pool_step_3_formal\782_2.png","bottom","F:\Pic_TOJ\pic_pool_step_3_formal\782_2.png","F:\Pic_TOJ\pic_pool_step_3_formal\782_1.png","F:\Pic_TOJ\pic_pool_step_3_formal\782_3.png","F:\Pic_TOJ\pic_pool_step_3_formal\782_1.png","left",0.314185400027782,0,0,1.65163122298855,0,1
"2",1,1,5,1,75,1,5,1,60,228,"J","F:\Pic_TOJ\pic_pool_step_3_formal\1065_1.png","bottom","F:\Pic_TOJ\pic_pool_step_3_formal\1065_1.png","F:\Pic_TOJ\pic_pool_step_3_formal\1065_3.png","F:\Pic_TOJ\pic_pool_step_3_formal\1065_2.png","F:\Pic_TOJ\pic_pool_step_3_formal\1065_1.png","bottom",0.410139900166541,1,1,1.67052947030505,0.5,2
"3",2,2,5,1,75,1,5,1,60,228,"J","F:\Pic_TOJ\pic_pool_step_3_formal\682_3.png","left","F:\Pic_TOJ\pic_pool_step_3_formal\682_1.png","F:\Pic_TOJ\pic_pool_step_3_formal\682_3.png","F:\Pic_TOJ\pic_pool_step_3_formal\682_2.png","F:\Pic_TOJ\pic_pool_step_3_formal\682_1.png","bottom",0.566356300143525,0,0,1.93323523168897,0.333333333333333,3
"4",3,3,5,1,75,1,5,1,60,228,"J","F:\Pic_TOJ\pic_pool_step_3_formal\770_3.png","right","F:\Pic_TOJ\pic_pool_step_3_formal\770_1.png","F:\Pic_TOJ\pic_pool_step_3_formal\770_2.png","F:\Pic_TOJ\pic_pool_step_3_formal\770_3.png","F:\Pic_TOJ\pic_pool_step_3_formal\770_3.png","right",6.13416579994373,1,1,0.709600071817542,0.5,4
"5",4,4,5,1,75,1,5,1,60,228,"J","F:\Pic_TOJ\pic_pool_step_3_formal\782_2.png","bottom","F:\Pic_TOJ\pic_pool_step_3_formal\782_2.png","F:\Pic_TOJ\pic_pool_step_3_formal\782_3.png","F:\Pic_TOJ\pic_pool_step_3_formal\782_1.png","F:\Pic_TOJ\pic_pool_step_3_formal\782_3.png","left",0.224712800001725,0,0,1.22869352916325,0.4,5
"6",5,5,5,1,75,1,5,1,60,228,"J","F:\Pic_TOJ\pic_pool_step_3_formal\1065_1.png","left","F:\Pic_TOJ\pic_pool_step_3_formal\1065_2.png","F:\Pic_TOJ\pic_pool_step_3_formal\1065_1.png","F:\Pic_TOJ\pic_pool_step_3_formal\1065_3.png","F:\Pic_TOJ\pic_pool_step_3_formal\1065_2.png","bottom",3.31306670000777,0,0,1.62786440785345,0.333333333333333,6
"7",6,6,5,1,75,1,5,1,60,228,"J","F:\Pic_TOJ\pic_pool_step_3_formal\770_3.png","right","F:\Pic_TOJ\pic_pool_step_3_formal\770_1.png","F:\Pic_TOJ\pic_pool_step_3_formal\770_2.png","F:\Pic_TOJ\pic_pool_step_3_formal\770_3.png","F:\Pic_TOJ\pic_pool_step_3_formal\770_2.png","left",1.96008639992215,0,0,1.42663480617729,0.285714285714286,7
"8",7,7,5,1,75,1,5,1,60,228,"J","F:\Pic_TOJ\pic_pool_step_3_formal\682_3.png","right","F:\Pic_TOJ\pic_pool_step_3_formal\682_1.png","F:\Pic_TOJ\pic_pool_step_3_formal\682_2.png","F:\Pic_TOJ\pic_pool_step_3_formal\682_3.png","F:\Pic_TOJ\pic_pool_step_3_formal\682_3.png","right",2.18336890009232,1,1,2.45981649892564,0.375,8
"9",8,8,5,1,75,1,5,1,60,228,"J","F:\Pic_TOJ\pic_pool_step_3_formal\1065_1.png","left","F:\Pic_TOJ\pic_pool_step_3_formal\1065_2.png","F:\Pic_TOJ\pic_pool_step_3_formal\1065_1.png","F:\Pic_TOJ\pic_pool_step_3_formal\1065_3.png","F:\Pic_TOJ\pic_pool_step_3_formal\1065_3.png","right",1.3732720001135,0,0,0.968578671263631,0.333333333333333,9
"10",9,9,5,1,75,1,5,1,60,228,"J","F:\Pic_TOJ\pic_pool_step_3_formal\782_2.png","left","F:\Pic_TOJ\pic_pool_step_3_formal\782_1.png","F:\Pic_TOJ\pic_pool_step_3_formal\782_2.png","F:\Pic_TOJ\pic_pool_step_3_formal\782_3.png","F:\Pic_TOJ\pic_pool_step_3_formal\782_3.png","right",2.44473900017329,0,0,2.51492915736442,0.3,10
"11",10,10,5,1,75,1,5,1,60,228,"J","F:\Pic_TOJ\pic_pool_step_3_formal\770_3.png","right","F:\Pic_TOJ\pic_pool_step_3_formal\770_2.png","F:\Pic_TOJ\pic_pool_step_3_formal\770_1.png","F:\Pic_TOJ\pic_pool_step_3_formal\770_3.png","F:\Pic_TOJ\pic_pool_step_3_formal\770_2.png","bottom",2.35766530013643,0,0,1.4636229840807,0.272727272727273,11
"12",11,11,5,1,75,1,5,1,60,228,"J","F:\Pic_TOJ\pic_pool_step_3_formal\682_3.png","bottom","F:\Pic_TOJ\pic_pool_step_3_formal\682_3.png","F:\Pic_TOJ\pic_pool_step_3_formal\682_2.png","F:\Pic_TOJ\pic_pool_step_3_formal\682_1.png","F:\Pic_TOJ\pic_pool_step_3_formal\682_1.png","right",2.10371219995432,0,0,1.52499954210223,0.25,12
"13",12,12,5,1,75,1,5,1,60,228,"J","F:\Pic_TOJ\pic_pool_step_3_formal\682_3.png","right","F:\Pic_TOJ\pic_pool_step_3_formal\682_2.png","F:\Pic_TOJ\pic_pool_step_3_formal\682_1.png","F:\Pic_TOJ\pic_pool_step_3_formal\682_3.png","F:\Pic_TOJ\pic_pool_step_3_formal\682_2.png","bottom",0.516868499806151,0,0,2.09318713142039,0.230769230769231,13
"14",13,13,5,1,75,1,5,1,60,228,"J","F:\Pic_TOJ\pic_pool_step_3_formal\770_3.png","right","F:\Pic_TOJ\pic_pool_step_3_formal\770_2.png","F:\Pic_TOJ\pic_pool_step_3_formal\770_1.png","F:\Pic_TOJ\pic_pool_step_3_formal\770_3.png","F:\Pic_TOJ\pic_pool_step_3_formal\770_3.png","right",0.187881299993023,1,1,1.97877009904781,0.285714285714286,14
"15",14,14,5,1,75,1,5,1,60,228,"J","F:\Pic_TOJ\pic_pool_step_3_formal\782_2.png","right","F:\Pic_TOJ\pic_pool_step_3_formal\782_3.png","F:\Pic_TOJ\pic_pool_step_3_formal\782_1.png","F:\Pic_TOJ\pic_pool_step_3_formal\782_2.png","F:\Pic_TOJ\pic_pool_step_3_formal\782_3.png","bottom",1.3226668999996,0,0,1.24158808227329,0.266666666666667,15
"16",15,15,5,1,75,1,5,1,60,228,"J","F:\Pic_TOJ\pic_pool_step_3_formal\1065_1.png","left","F:\Pic_TOJ\pic_pool_step_3_formal\1065_3.png","F:\Pic_TOJ\pic_pool_step_3_formal\1065_1.png","F:\Pic_TOJ\pic_pool_step_3_formal\1065_2.png","F:\Pic_TOJ\pic_pool_step_3_formal\1065_2.png","right",1.91400700015947,0,0,1.37536802356161,0.25,16
"17",16,16,5,1,75,1,5,1,60,228,"J","F:\Pic_TOJ\pic_pool_step_3_formal\1065_1.png","bottom","F:\Pic_TOJ\pic_pool_step_3_formal\1065_1.png","F:\Pic_TOJ\pic_pool_step_3_formal\1065_2.png","F:\Pic_TOJ\pic_pool_step_3_formal\1065_3.png","F:\Pic_TOJ\pic_pool_step_3_formal\1065_2.png","left",1.59804990002885,0,0,2.31773933076552,0.235294117647059,17
"18",17,17,5,1,75,1,5,1,60,228,"J","F:\Pic_TOJ\pic_pool_step_3_formal\770_3.png","right","F:\Pic_TOJ\pic_pool_step_3_formal\770_2.png","F:\Pic_TOJ\pic_pool_step_3_formal\770_1.png","F:\Pic_TOJ\pic_pool_step_3_formal\770_3.png","F:\Pic_TOJ\pic_pool_step_3_formal\770_3.png","right",2.40980189992115,1,1,1.89304762898135,0.277777777777778,18
"19",18,18,5,1,75,1,5,1,60,228,"J","F:\Pic_TOJ\pic_pool_step_3_formal\782_2.png","bottom","F:\Pic_TOJ\pic_pool_step_3_formal\782_2.png","F:\Pic_TOJ\pic_pool_step_3_formal\782_3.png","F:\Pic_TOJ\pic_pool_step_3_formal\782_1.png","F:\Pic_TOJ\pic_pool_step_3_formal\782_2.png","bottom",1.44168039993383,1,1,1.81830227842342,0.315789473684211,19
"20",19,19,5,1,75,1,5,1,60,228,"J","F:\Pic_TOJ\pic_pool_step_3_formal\682_3.png","bottom","F:\Pic_TOJ\pic_pool_step_3_formal\682_3.png","F:\Pic_TOJ\pic_pool_step_3_formal\682_2.png","F:\Pic_TOJ\pic_pool_step_3_formal\682_1.png","F:\Pic_TOJ\pic_pool_step_3_formal\682_3.png","bottom",0.701183099998161,1,1,1.55513105605753,0.35,20
"21",0,0,5,1,75,1,5,1,60,228,"J","F:\Pic_TOJ\pic_pool_step_3_formal\782_2.png","left","F:\Pic_TOJ\pic_pool_step_3_formal\782_3.png","F:\Pic_TOJ\pic_pool_step_3_formal\782_2.png","F:\Pic_TOJ\pic_pool_step_3_formal\782_1.png","F:\Pic_TOJ\pic_pool_step_3_formal\782_1.png","right",2.73862760001794,0,0,1.72344797688053,0,21
"22",1,1,5,1,75,1,5,1,60,228,"J","F:\Pic_TOJ\pic_pool_step_3_formal\770_3.png","right","F:\Pic_TOJ\pic_pool_step_3_formal\770_1.png","F:\Pic_TOJ\pic_pool_step_3_formal\770_2.png","F:\Pic_TOJ\pic_pool_step_3_formal\770_3.png","F:\Pic_TOJ\pic_pool_step_3_formal\770_2.png","left",1.84567640000023,0,0,1.42419110018635,0,22
"23",2,2,5,1,75,1,5,1,60,228,"J","F:\Pic_TOJ\pic_pool_step_3_formal\682_3.png","left","F:\Pic_TOJ\pic_pool_step_3_formal\682_1.png","F:\Pic_TOJ\pic_pool_step_3_formal\682_3.png","F:\Pic_TOJ\pic_pool_step_3_formal\682_2.png","F:\Pic_TOJ\pic_pool_step_3_formal\682_3.png","left",1.02988829999231,1,1,2.58739786066106,0.333333333333333,23
"24",3,3,5,1,75,1,5,1,60,228,"J","F:\Pic_TOJ\pic_pool_step_3_formal\1065_1.png","right","F:\Pic_TOJ\pic_pool_step_3_formal\1065_2.png","F:\Pic_TOJ\pic_pool_step_3_formal\1065_3.png","F:\Pic_TOJ\pic_pool_step_3_formal\1065_1.png","F:\Pic_TOJ\pic_pool_step_3_formal\1065_2.png","bottom",3.2879840999376,0,0,1.25187823868516,0.25,24
"25",4,4,5,1,75,1,5,1,60,228,"J","F:\Pic_TOJ\pic_pool_step_3_formal\770_3.png","right","F:\Pic_TOJ\pic_pool_step_3_formal\770_1.png","F:\Pic_TOJ\pic_pool_step_3_formal\770_2.png","F:\Pic_TOJ\pic_pool_step_3_formal\770_3.png","F:\Pic_TOJ\pic_pool_step_3_formal\770_1.png","bottom",0.439734499901533,0,0,1.48660129877784,0.2,25
"26",5,5,5,1,75,1,5,1,60,228,"J","F:\Pic_TOJ\pic_pool_step_3_formal\682_3.png","bottom","F:\Pic_TOJ\pic_pool_step_3_formal\682_3.png","F:\Pic_TOJ\pic_pool_step_3_formal\682_2.png","F:\Pic_TOJ\pic_pool_step_3_formal\682_1.png","F:\Pic_TOJ\pic_pool_step_3_formal\682_3.png","bottom",1.38836390012875,1,1,1.19024269118771,0.333333333333333,26
"27",6,6,5,1,75,1,5,1,60,228,"J","F:\Pic_TOJ\pic_pool_step_3_formal\782_2.png","right","F:\Pic_TOJ\pic_pool_step_3_formal\782_3.png","F:\Pic_TOJ\pic_pool_step_3_formal\782_1.png","F:\Pic_TOJ\pic_pool_step_3_formal\782_2.png","F:\Pic_TOJ\pic_pool_step_3_formal\782_3.png","bottom",0.633253599982709,0,0,1.71244278371905,0.285714285714286,27
"28",7,7,5,1,75,1,5,1,60,228,"J","F:\Pic_TOJ\pic_pool_step_3_formal\1065_1.png","right","F:\Pic_TOJ\pic_pool_step_3_formal\1065_2.png","F:\Pic_TOJ\pic_pool_step_3_formal\1065_3.png","F:\Pic_TOJ\pic_pool_step_3_formal\1065_1.png","F:\Pic_TOJ\pic_pool_step_3_formal\1065_1.png","right",1.18590269982815,1,1,1.93181225799808,0.375,28
"29",8,8,5,1,75,1,5,1,60,228,"J","F:\Pic_TOJ\pic_pool_step_3_formal\1065_1.png","left","F:\Pic_TOJ\pic_pool_step_3_formal\1065_3.png","F:\Pic_TOJ\pic_pool_step_3_formal\1065_1.png","F:\Pic_TOJ\pic_pool_step_3_formal\1065_2.png","F:\Pic_TOJ\pic_pool_step_3_formal\1065_3.png","bottom",0.420397600159049,0,0,1.09363922531945,0.333333333333333,29
"30",9,9,5,1,75,1,5,1,60,228,"J","F:\Pic_TOJ\pic_pool_step_3_formal\770_3.png","bottom","F:\Pic_TOJ\pic_pool_step_3_formal\770_3.png","F:\Pic_TOJ\pic_pool_step_3_formal\770_1.png","F:\Pic_TOJ\pic_pool_step_3_formal\770_2.png","F:\Pic_TOJ\pic_pool_step_3_formal\770_3.png","bottom",0.359707100084051,1,1,0.859592739294881,0.4,30
"31",10,10,5,1,75,1,5,1,60,228,"J","F:\Pic_TOJ\pic_pool_step_3_formal\782_2.png","right","F:\Pic_TOJ\pic_pool_step_3_formal\782_1.png","F:\Pic_TOJ\pic_pool_step_3_formal\782_3.png","F:\Pic_TOJ\pic_pool_step_3_formal\782_2.png","F:\Pic_TOJ\pic_pool_step_3_formal\782_1.png","bottom",0.395811800146475,0,0,0.648549183468478,0.363636363636364,31
"32",11,11,5,1,75,1,5,1,60,228,"J","F:\Pic_TOJ\pic_pool_step_3_formal\682_3.png","bottom","F:\Pic_TOJ\pic_pool_step_3_formal\682_3.png","F:\Pic_TOJ\pic_pool_step_3_formal\682_1.png","F:\Pic_TOJ\pic_pool_step_3_formal\682_2.png","F:\Pic_TOJ\pic_pool_step_3_formal\682_3.png","bottom",0.792840299895033,1,1,1.34204457383433,0.416666666666667,32
"33",12,12,5,1,75,1,5,1,60,228,"J","F:\Pic_TOJ\pic_pool_step_3_formal\782_2.png","right","F:\Pic_TOJ\pic_pool_step_3_formal\782_1.png","F:\Pic_TOJ\pic_pool_step_3_formal\782_3.png","F:\Pic_TOJ\pic_pool_step_3_formal\782_2.png","F:\Pic_TOJ\pic_pool_step_3_formal\782_1.png","bottom",0.767397999996319,0,0,1.8247775813714,0.384615384615385,33
"34",13,13,5,1,75,1,5,1,60,228,"J","F:\Pic_TOJ\pic_pool_step_3_formal\1065_1.png","left","F:\Pic_TOJ\pic_pool_step_3_formal\1065_2.png","F:\Pic_TOJ\pic_pool_step_3_formal\1065_1.png","F:\Pic_TOJ\pic_pool_step_3_formal\1065_3.png","F:\Pic_TOJ\pic_pool_step_3_formal\1065_1.png","left",2.53553729993291,1,1,1.32067815511881,0.428571428571429,34
"35",14,14,5,1,75,1,5,1,60,228,"J","F:\Pic_TOJ\pic_pool_step_3_formal\682_3.png","left","F:\Pic_TOJ\pic_pool_step_3_formal\682_2.png","F:\Pic_TOJ\pic_pool_step_3_formal\682_3.png","F:\Pic_TOJ\pic_pool_step_3_formal\682_1.png","F:\Pic_TOJ\pic_pool_step_3_formal\682_3.png","left",1.0184565000236,1,1,1.99532081528277,0.466666666666667,35
"36",15,15,5,1,75,1,5,1,60,228,"J","F:\Pic_TOJ\pic_pool_step_3_formal\770_3.png","left","F:\Pic_TOJ\pic_pool_step_3_formal\770_2.png","F:\Pic_TOJ\pic_pool_step_3_formal\770_3.png","F:\Pic_TOJ\pic_pool_step_3_formal\770_1.png","F:\Pic_TOJ\pic_pool_step_3_formal\770_3.png","left",0.611590100219473,1,1,1.39071857493947,0.5,36
"37",16,16,5,1,75,1,5,1,60,228,"J","F:\Pic_TOJ\pic_pool_step_3_formal\1065_1.png","bottom","F:\Pic_TOJ\pic_pool_step_3_formal\1065_1.png","F:\Pic_TOJ\pic_pool_step_3_formal\1065_3.png","F:\Pic_TOJ\pic_pool_step_3_formal\1065_2.png","F:\Pic_TOJ\pic_pool_step_3_formal\1065_3.png","left",1.12076099985279,0,0,1.15436089720889,0.470588235294118,37
"38",17,17,5,1,75,1,5,1,60,228,"J","F:\Pic_TOJ\pic_pool_step_3_formal\682_3.png","bottom","F:\Pic_TOJ\pic_pool_step_3_formal\682_3.png","F:\Pic_TOJ\pic_pool_step_3_formal\682_1.png","F:\Pic_TOJ\pic_pool_step_3_formal\682_2.png","F:\Pic_TOJ\pic_pool_step_3_formal\682_3.png","bottom",0.660611999919638,1,1,1.56928215356249,0.5,38
"39",18,18,5,1,75,1,5,1,60,228,"J","F:\Pic_TOJ\pic_pool_step_3_formal\770_3.png","left","F:\Pic_TOJ\pic_pool_step_3_formal\770_1.png","F:\Pic_TOJ\pic_pool_step_3_formal\770_3.png","F:\Pic_TOJ\pic_pool_step_3_formal\770_2.png","F:\Pic_TOJ\pic_pool_step_3_formal\770_3.png","left",0.184988900087774,1,1,1.78805213495888,0.526315789473684,39
"40",19,19,5,1,75,1,5,1,60,228,"J","F:\Pic_TOJ\pic_pool_step_3_formal\782_2.png","right","F:\Pic_TOJ\pic_pool_step_3_formal\782_1.png","F:\Pic_TOJ\pic_pool_step_3_formal\782_3.png","F:\Pic_TOJ\pic_pool_step_3_formal\782_2.png","F:\Pic_TOJ\pic_pool_step_3_formal\782_2.png","right",0.188011399935931,1,1,0.601711954927109,0.55,40
"41",0,0,5,1,75,1,5,1,60,228,"J","F:\Pic_TOJ\pic_pool_step_3_formal\770_3.png","left","F:\Pic_TOJ\pic_pool_step_3_formal\770_1.png","F:\Pic_TOJ\pic_pool_step_3_formal\770_3.png","F:\Pic_TOJ\pic_pool_step_3_formal\770_2.png","F:\Pic_TOJ\pic_pool_step_3_formal\770_1.png","bottom",0.254933099960908,0,0,1.0452253552746,0,41
"42",1,1,5,1,75,1,5,1,60,228,"J","F:\Pic_TOJ\pic_pool_step_3_formal\782_2.png","right","F:\Pic_TOJ\pic_pool_step_3_formal\782_1.png","F:\Pic_TOJ\pic_pool_step_3_formal\782_3.png","F:\Pic_TOJ\pic_pool_step_3_formal\782_2.png","F:\Pic_TOJ\pic_pool_step_3_formal\782_2.png","right",1.36795789981261,1,1,0.938980544021957,0.5,42
"43",2,2,5,1,75,1,5,1,60,228,"J","F:\Pic_TOJ\pic_pool_step_3_formal\1065_1.png","left","F:\Pic_TOJ\pic_pool_step_3_formal\1065_2.png","F:\Pic_TOJ\pic_pool_step_3_formal\1065_1.png","F:\Pic_TOJ\pic_pool_step_3_formal\1065_3.png","F:\Pic_TOJ\pic_pool_step_3_formal\1065_2.png","bottom",1.62224439997226,0,0,1.3068790331325,0.333333333333333,43
"44",3,3,5,1,75,1,5,1,60,228,"J","F:\Pic_TOJ\pic_pool_step_3_formal\682_3.png","right","F:\Pic_TOJ\pic_pool_step_3_formal\682_1.png","F:\Pic_TOJ\pic_pool_step_3_formal\682_2.png","F:\Pic_TOJ\pic_pool_step_3_formal\682_3.png","F:\Pic_TOJ\pic_pool_step_3_formal\682_1.png","bottom",0.409933699993417,0,0,1.86725223684502,0.25,44
"45",4,4,5,1,75,1,5,1,60,228,"J","F:\Pic_TOJ\pic_pool_step_3_formal\682_3.png","right","F:\Pic_TOJ\pic_pool_step_3_formal\682_2.png","F:\Pic_TOJ\pic_pool_step_3_formal\682_1.png","F:\Pic_TOJ\pic_pool_step_3_formal\682_3.png","F:\Pic_TOJ\pic_pool_step_3_formal\682_3.png","right",1.45657479995862,1,1,1.99010324916761,0.4,45
"46",5,5,5,1,75,1,5,1,60,228,"J","F:\Pic_TOJ\pic_pool_step_3_formal\1065_1.png","bottom","F:\Pic_TOJ\pic_pool_step_3_formal\1065_1.png","F:\Pic_TOJ\pic_pool_step_3_formal\1065_2.png","F:\Pic_TOJ\pic_pool_step_3_formal\1065_3.png","F:\Pic_TOJ\pic_pool_step_3_formal\1065_2.png","left",0.723559400066733,0,0,1.30780168693783,0.333333333333333,46
"47",6,6,5,1,75,1,5,1,60,228,"J","F:\Pic_TOJ\pic_pool_step_3_formal\782_2.png","bottom","F:\Pic_TOJ\pic_pool_step_3_formal\782_2.png","F:\Pic_TOJ\pic_pool_step_3_formal\782_1.png","F:\Pic_TOJ\pic_pool_step_3_formal\782_3.png","F:\Pic_TOJ\pic_pool_step_3_formal\782_3.png","right",1.77246670005843,0,0,1.5782946916072,0.285714285714286,47
"48",7,7,5,1,75,1,5,1,60,228,"J","F:\Pic_TOJ\pic_pool_step_3_formal\770_3.png","bottom","F:\Pic_TOJ\pic_pool_step_3_formal\770_3.png","F:\Pic_TOJ\pic_pool_step_3_formal\770_1.png","F:\Pic_TOJ\pic_pool_step_3_formal\770_2.png","F:\Pic_TOJ\pic_pool_step_3_formal\770_3.png","bottom",1.16688530007377,1,1,2.3385017210188,0.375,48
"49",8,8,5,1,75,1,5,1,60,228,"J","F:\Pic_TOJ\pic_pool_step_3_formal\770_3.png","bottom","F:\Pic_TOJ\pic_pool_step_3_formal\770_3.png","F:\Pic_TOJ\pic_pool_step_3_formal\770_2.png","F:\Pic_TOJ\pic_pool_step_3_formal\770_1.png","F:\Pic_TOJ\pic_pool_step_3_formal\770_3.png","bottom",0.639258600072935,1,1,1.88812584721588,0.444444444444444,49
"50",9,9,5,1,75,1,5,1,60,228,"J","F:\Pic_TOJ\pic_pool_step_3_formal\682_3.png","right","F:\Pic_TOJ\pic_pool_step_3_formal\682_1.png","F:\Pic_TOJ\pic_pool_step_3_formal\682_2.png","F:\Pic_TOJ\pic_pool_step_3_formal\682_3.png","F:\Pic_TOJ\pic_pool_step_3_formal\682_3.png","right",1.74648030009121,1,1,1.56850003545872,0.5,50
"51",10,10,5,1,75,1,5,1,60,228,"J","F:\Pic_TOJ\pic_pool_step_3_formal\782_2.png","bottom","F:\Pic_TOJ\pic_pool_step_3_formal\782_2.png","F:\Pic_TOJ\pic_pool_step_3_formal\782_1.png","F:\Pic_TOJ\pic_pool_step_3_formal\782_3.png","F:\Pic_TOJ\pic_pool_step_3_formal\782_2.png","bottom",0.739442999940366,1,1,1.40454965422805,0.545454545454545,51
"52",11,11,5,1,75,1,5,1,60,228,"J","F:\Pic_TOJ\pic_pool_step_3_formal\1065_1.png","left","F:\Pic_TOJ\pic_pool_step_3_formal\1065_3.png","F:\Pic_TOJ\pic_pool_step_3_formal\1065_1.png","F:\Pic_TOJ\pic_pool_step_3_formal\1065_2.png","F:\Pic_TOJ\pic_pool_step_3_formal\1065_1.png","left",1.99238020018674,1,1,1.12959684584256,0.583333333333333,52
"53",12,12,5,1,75,1,5,1,60,228,"J","F:\Pic_TOJ\pic_pool_step_3_formal\682_3.png","bottom","F:\Pic_TOJ\pic_pool_step_3_formal\682_3.png","F:\Pic_TOJ\pic_pool_step_3_formal\682_2.png","F:\Pic_TOJ\pic_pool_step_3_formal\682_1.png","F:\Pic_TOJ\pic_pool_step_3_formal\682_3.png","bottom",0.252250799909234,1,1,1.70785140186438,0.615384615384615,53
"54",13,13,5,1,75,1,5,1,60,228,"J","F:\Pic_TOJ\pic_pool_step_3_formal\782_2.png","left","F:\Pic_TOJ\pic_pool_step_3_formal\782_1.png","F:\Pic_TOJ\pic_pool_step_3_formal\782_2.png","F:\Pic_TOJ\pic_pool_step_3_formal\782_3.png","F:\Pic_TOJ\pic_pool_step_3_formal\782_2.png","left",1.28079889994115,1,1,0.563550817652541,0.642857142857143,54
"55",14,14,5,1,75,1,5,1,60,228,"J","F:\Pic_TOJ\pic_pool_step_3_formal\770_3.png","left","F:\Pic_TOJ\pic_pool_step_3_formal\770_2.png","F:\Pic_TOJ\pic_pool_step_3_formal\770_3.png","F:\Pic_TOJ\pic_pool_step_3_formal\770_1.png","F:\Pic_TOJ\pic_pool_step_3_formal\770_3.png","left",1.16768070007674,1,1,1.28641267357012,0.666666666666667,55
"56",15,15,5,1,75,1,5,1,60,228,"J","F:\Pic_TOJ\pic_pool_step_3_formal\1065_1.png","right","F:\Pic_TOJ\pic_pool_step_3_formal\1065_2.png","F:\Pic_TOJ\pic_pool_step_3_formal\1065_3.png","F:\Pic_TOJ\pic_pool_step_3_formal\1065_1.png","F:\Pic_TOJ\pic_pool_step_3_formal\1065_1.png","right",1.19782050000504,1,1,1.57131340836097,0.6875,56
"57",16,16,5,1,75,1,5,1,60,228,"J","F:\Pic_TOJ\pic_pool_step_3_formal\782_2.png","left","F:\Pic_TOJ\pic_pool_step_3_formal\782_1.png","F:\Pic_TOJ\pic_pool_step_3_formal\782_2.png","F:\Pic_TOJ\pic_pool_step_3_formal\782_3.png","F:\Pic_TOJ\pic_pool_step_3_formal\782_2.png","left",1.07203159993514,1,1,1.82779661296567,0.705882352941177,57
"58",17,17,5,1,75,1,5,1,60,228,"J","F:\Pic_TOJ\pic_pool_step_3_formal\1065_1.png","bottom","F:\Pic_TOJ\pic_pool_step_3_formal\1065_1.png","F:\Pic_TOJ\pic_pool_step_3_formal\1065_3.png","F:\Pic_TOJ\pic_pool_step_3_formal\1065_2.png","F:\Pic_TOJ\pic_pool_step_3_formal\1065_1.png","bottom",0.458651900058612,1,1,1.92821559474475,0.722222222222222,58
"59",18,18,5,1,75,1,5,1,60,228,"J","F:\Pic_TOJ\pic_pool_step_3_formal\682_3.png","bottom","F:\Pic_TOJ\pic_pool_step_3_formal\682_3.png","F:\Pic_TOJ\pic_pool_step_3_formal\682_2.png","F:\Pic_TOJ\pic_pool_step_3_formal\682_1.png","F:\Pic_TOJ\pic_pool_step_3_formal\682_3.png","bottom",0.227987700141966,1,1,1.37728705260537,0.736842105263158,59
"60",19,19,5,1,75,1,5,1,60,228,"J","F:\Pic_TOJ\pic_pool_step_3_formal\770_3.png","right","F:\Pic_TOJ\pic_pool_step_3_formal\770_1.png","F:\Pic_TOJ\pic_pool_step_3_formal\770_2.png","F:\Pic_TOJ\pic_pool_step_3_formal\770_3.png","F:\Pic_TOJ\pic_pool_step_3_formal\770_2.png","left",3.05655169999227,0,0,1.5128476689399,0.7,60
"61",0,0,5,1,75,1,5,1,60,228,"J","F:\Pic_TOJ\pic_pool_step_3_formal\770_3.png","bottom","F:\Pic_TOJ\pic_pool_step_3_formal\770_3.png","F:\Pic_TOJ\pic_pool_step_3_formal\770_2.png","F:\Pic_TOJ\pic_pool_step_3_formal\770_1.png","F:\Pic_TOJ\pic_pool_step_3_formal\770_3.png","bottom",1.65682179993019,1,1,1.75731910261152,1,61
"62",1,1,5,1,75,1,5,1,60,228,"J","F:\Pic_TOJ\pic_pool_step_3_formal\682_3.png","bottom","F:\Pic_TOJ\pic_pool_step_3_formal\682_3.png","F:\Pic_TOJ\pic_pool_step_3_formal\682_1.png","F:\Pic_TOJ\pic_pool_step_3_formal\682_2.png","F:\Pic_TOJ\pic_pool_step_3_formal\682_3.png","bottom",0.381459700176492,1,1,0.910103777948289,1,62
"63",2,2,5,1,75,1,5,1,60,228,"J","F:\Pic_TOJ\pic_pool_step_3_formal\782_2.png","bottom","F:\Pic_TOJ\pic_pool_step_3_formal\782_2.png","F:\Pic_TOJ\pic_pool_step_3_formal\782_3.png","F:\Pic_TOJ\pic_pool_step_3_formal\782_1.png","F:\Pic_TOJ\pic_pool_step_3_formal\782_2.png","bottom",0.713609699858353,1,1,0.965381267079872,1,63
"64",3,3,5,1,75,1,5,1,60,228,"J","F:\Pic_TOJ\pic_pool_step_3_formal\1065_1.png","bottom","F:\Pic_TOJ\pic_pool_step_3_formal\1065_1.png","F:\Pic_TOJ\pic_pool_step_3_formal\1065_2.png","F:\Pic_TOJ\pic_pool_step_3_formal\1065_3.png","F:\Pic_TOJ\pic_pool_step_3_formal\1065_1.png","bottom",0.351284600095823,1,1,0.786486914729453,1,64
"65",4,4,5,1,75,1,5,1,60,228,"J","F:\Pic_TOJ\pic_pool_step_3_formal\770_3.png","left","F:\Pic_TOJ\pic_pool_step_3_formal\770_1.png","F:\Pic_TOJ\pic_pool_step_3_formal\770_3.png","F:\Pic_TOJ\pic_pool_step_3_formal\770_2.png","F:\Pic_TOJ\pic_pool_step_3_formal\770_3.png","left",1.12820030003786,1,1,0.97826858935006,1,65
"66",5,5,5,1,75,1,5,1,60,228,"J","F:\Pic_TOJ\pic_pool_step_3_formal\682_3.png","bottom","F:\Pic_TOJ\pic_pool_step_3_formal\682_3.png","F:\Pic_TOJ\pic_pool_step_3_formal\682_1.png","F:\Pic_TOJ\pic_pool_step_3_formal\682_2.png","F:\Pic_TOJ\pic_pool_step_3_formal\682_3.png","bottom",0.249540399992839,1,1,1.16689598098613,1,66
"67",6,6,5,1,75,1,5,1,60,228,"J","F:\Pic_TOJ\pic_pool_step_3_formal\782_2.png","right","F:\Pic_TOJ\pic_pool_step_3_formal\782_1.png","F:\Pic_TOJ\pic_pool_step_3_formal\782_3.png","F:\Pic_TOJ\pic_pool_step_3_formal\782_2.png","F:\Pic_TOJ\pic_pool_step_3_formal\782_3.png","left",1.40090180002153,0,0,1.54226649178977,0.857142857142857,67
"68",7,7,5,1,75,1,5,1,60,228,"J","F:\Pic_TOJ\pic_pool_step_3_formal\1065_1.png","bottom","F:\Pic_TOJ\pic_pool_step_3_formal\1065_1.png","F:\Pic_TOJ\pic_pool_step_3_formal\1065_2.png","F:\Pic_TOJ\pic_pool_step_3_formal\1065_3.png","F:\Pic_TOJ\pic_pool_step_3_formal\1065_1.png","bottom",0.92142999987118,1,1,1.18963273600113,0.875,68
"69",8,8,5,1,75,1,5,1,60,228,"J","F:\Pic_TOJ\pic_pool_step_3_formal\770_3.png","right","F:\Pic_TOJ\pic_pool_step_3_formal\770_2.png","F:\Pic_TOJ\pic_pool_step_3_formal\770_1.png","F:\Pic_TOJ\pic_pool_step_3_formal\770_3.png","F:\Pic_TOJ\pic_pool_step_3_formal\770_3.png","right",2.09394849999808,1,1,1.43778943461149,0.888888888888889,69
"70",9,9,5,1,75,1,5,1,60,228,"J","F:\Pic_TOJ\pic_pool_step_3_formal\682_3.png","bottom","F:\Pic_TOJ\pic_pool_step_3_formal\682_3.png","F:\Pic_TOJ\pic_pool_step_3_formal\682_1.png","F:\Pic_TOJ\pic_pool_step_3_formal\682_2.png","F:\Pic_TOJ\pic_pool_step_3_formal\682_3.png","bottom",0.621834800112993,1,1,1.06885957916248,0.9,70
"71",10,10,5,1,75,1,5,1,60,228,"J","F:\Pic_TOJ\pic_pool_step_3_formal\782_2.png","bottom","F:\Pic_TOJ\pic_pool_step_3_formal\782_2.png","F:\Pic_TOJ\pic_pool_step_3_formal\782_3.png","F:\Pic_TOJ\pic_pool_step_3_formal\782_1.png","F:\Pic_TOJ\pic_pool_step_3_formal\782_2.png","bottom",0.515155400149524,1,1,1.51295297400348,0.909090909090909,71
"72",11,11,5,1,75,1,5,1,60,228,"J","F:\Pic_TOJ\pic_pool_step_3_formal\1065_1.png","right","F:\Pic_TOJ\pic_pool_step_3_formal\1065_3.png","F:\Pic_TOJ\pic_pool_step_3_formal\1065_2.png","F:\Pic_TOJ\pic_pool_step_3_formal\1065_1.png","F:\Pic_TOJ\pic_pool_step_3_formal\1065_1.png","right",1.96659299987368,1,1,1.19169740710509,0.916666666666667,72
"73",12,12,5,1,75,1,5,1,60,228,"J","F:\Pic_TOJ\pic_pool_step_3_formal\1065_1.png","left","F:\Pic_TOJ\pic_pool_step_3_formal\1065_3.png","F:\Pic_TOJ\pic_pool_step_3_formal\1065_1.png","F:\Pic_TOJ\pic_pool_step_3_formal\1065_2.png","F:\Pic_TOJ\pic_pool_step_3_formal\1065_1.png","left",1.37240520003252,1,1,2.11531650075294,0.923076923076923,73
"74",13,13,5,1,75,1,5,1,60,228,"J","F:\Pic_TOJ\pic_pool_step_3_formal\782_2.png","left","F:\Pic_TOJ\pic_pool_step_3_formal\782_1.png","F:\Pic_TOJ\pic_pool_step_3_formal\782_2.png","F:\Pic_TOJ\pic_pool_step_3_formal\782_3.png","F:\Pic_TOJ\pic_pool_step_3_formal\782_2.png","left",1.12376689980738,1,1,1.34416593656882,0.928571428571429,74
"75",14,14,5,1,75,1,5,1,60,228,"J","F:\Pic_TOJ\pic_pool_step_3_formal\770_3.png","bottom","F:\Pic_TOJ\pic_pool_step_3_formal\770_3.png","F:\Pic_TOJ\pic_pool_step_3_formal\770_2.png","F:\Pic_TOJ\pic_pool_step_3_formal\770_1.png","F:\Pic_TOJ\pic_pool_step_3_formal\770_2.png","left",0.439245899906382,0,0,1.05468899384511,0.866666666666667,75
"76",15,15,5,1,75,1,5,1,60,228,"J","F:\Pic_TOJ\pic_pool_step_3_formal\682_3.png","bottom","F:\Pic_TOJ\pic_pool_step_3_formal\682_3.png","F:\Pic_TOJ\pic_pool_step_3_formal\682_2.png","F:\Pic_TOJ\pic_pool_step_3_formal\682_1.png","F:\Pic_TOJ\pic_pool_step_3_formal\682_3.png","bottom",0.396770599996671,1,1,1.81723489741014,0.875,76
"77",16,16,5,1,75,1,5,1,60,228,"J","F:\Pic_TOJ\pic_pool_step_3_formal\682_3.png","bottom","F:\Pic_TOJ\pic_pool_step_3_formal\682_3.png","F:\Pic_TOJ\pic_pool_step_3_formal\682_2.png","F:\Pic_TOJ\pic_pool_step_3_formal\682_1.png","F:\Pic_TOJ\pic_pool_step_3_formal\682_3.png","bottom",1.36410779994912,1,1,1.74294796648023,0.882352941176471,77
"78",17,17,5,1,75,1,5,1,60,228,"J","F:\Pic_TOJ\pic_pool_step_3_formal\782_2.png","right","F:\Pic_TOJ\pic_pool_step_3_formal\782_3.png","F:\Pic_TOJ\pic_pool_step_3_formal\782_1.png","F:\Pic_TOJ\pic_pool_step_3_formal\782_2.png","F:\Pic_TOJ\pic_pool_step_3_formal\782_1.png","left",1.05814499990083,0,0,2.29601455553933,0.833333333333333,78
"79",18,18,5,1,75,1,5,1,60,228,"J","F:\Pic_TOJ\pic_pool_step_3_formal\770_3.png","left","F:\Pic_TOJ\pic_pool_step_3_formal\770_1.png","F:\Pic_TOJ\pic_pool_step_3_formal\770_3.png","F:\Pic_TOJ\pic_pool_step_3_formal\770_2.png","F:\Pic_TOJ\pic_pool_step_3_formal\770_2.png","right",1.43098809989169,0,0,0.65358321254069,0.789473684210526,79
"80",19,19,5,1,75,1,5,1,60,228,"J","F:\Pic_TOJ\pic_pool_step_3_formal\1065_1.png","left","F:\Pic_TOJ\pic_pool_step_3_formal\1065_2.png","F:\Pic_TOJ\pic_pool_step_3_formal\1065_1.png","F:\Pic_TOJ\pic_pool_step_3_formal\1065_3.png","F:\Pic_TOJ\pic_pool_step_3_formal\1065_1.png","left",0.882045200094581,1,1,2.00733422218978,0.8,80
"81",0,0,5,1,75,1,5,1,60,228,"J","F:\Pic_TOJ\pic_pool_step_3_formal\1065_1.png","bottom","F:\Pic_TOJ\pic_pool_step_3_formal\1065_1.png","F:\Pic_TOJ\pic_pool_step_3_formal\1065_2.png","F:\Pic_TOJ\pic_pool_step_3_formal\1065_3.png","F:\Pic_TOJ\pic_pool_step_3_formal\1065_1.png","bottom",0.961884799879044,1,1,1.62495560595609,1,81
"82",1,1,5,1,75,1,5,1,60,228,"J","F:\Pic_TOJ\pic_pool_step_3_formal\782_2.png","bottom","F:\Pic_TOJ\pic_pool_step_3_formal\782_2.png","F:\Pic_TOJ\pic_pool_step_3_formal\782_3.png","F:\Pic_TOJ\pic_pool_step_3_formal\782_1.png","F:\Pic_TOJ\pic_pool_step_3_formal\782_2.png","bottom",0.606456100009382,1,1,1.96500390271865,1,82
"83",2,2,5,1,75,1,5,1,60,228,"J","F:\Pic_TOJ\pic_pool_step_3_formal\770_3.png","left","F:\Pic_TOJ\pic_pool_step_3_formal\770_2.png","F:\Pic_TOJ\pic_pool_step_3_formal\770_3.png","F:\Pic_TOJ\pic_pool_step_3_formal\770_1.png","F:\Pic_TOJ\pic_pool_step_3_formal\770_2.png","bottom",0.59901970019564,0,0,0.84422198479595,0.666666666666667,83
"84",3,3,5,1,75,1,5,1,60,228,"J","F:\Pic_TOJ\pic_pool_step_3_formal\682_3.png","bottom","F:\Pic_TOJ\pic_pool_step_3_formal\682_3.png","F:\Pic_TOJ\pic_pool_step_3_formal\682_2.png","F:\Pic_TOJ\pic_pool_step_3_formal\682_1.png","F:\Pic_TOJ\pic_pool_step_3_formal\682_3.png","bottom",0.873427100013942,1,1,1.88150218924714,0.75,84
"85",4,4,5,1,75,1,5,1,60,228,"J","F:\Pic_TOJ\pic_pool_step_3_formal\1065_1.png","left","F:\Pic_TOJ\pic_pool_step_3_formal\1065_3.png","F:\Pic_TOJ\pic_pool_step_3_formal\1065_1.png","F:\Pic_TOJ\pic_pool_step_3_formal\1065_2.png","F:\Pic_TOJ\pic_pool_step_3_formal\1065_1.png","left",0.221635900205001,1,1,1.45523369873554,0.8,85
"86",5,5,5,1,75,1,5,1,60,228,"J","F:\Pic_TOJ\pic_pool_step_3_formal\782_2.png","left","F:\Pic_TOJ\pic_pool_step_3_formal\782_1.png","F:\Pic_TOJ\pic_pool_step_3_formal\782_2.png","F:\Pic_TOJ\pic_pool_step_3_formal\782_3.png","F:\Pic_TOJ\pic_pool_step_3_formal\782_2.png","left",0.805423600133508,1,1,1.99664146705703,0.833333333333333,86
"87",6,6,5,1,75,1,5,1,60,228,"J","F:\Pic_TOJ\pic_pool_step_3_formal\770_3.png","left","F:\Pic_TOJ\pic_pool_step_3_formal\770_2.png","F:\Pic_TOJ\pic_pool_step_3_formal\770_3.png","F:\Pic_TOJ\pic_pool_step_3_formal\770_1.png","F:\Pic_TOJ\pic_pool_step_3_formal\770_3.png","left",0.186691199894994,1,1,0.820352616854959,0.857142857142857,87
"88",7,7,5,1,75,1,5,1,60,228,"J","F:\Pic_TOJ\pic_pool_step_3_formal\682_3.png","bottom","F:\Pic_TOJ\pic_pool_step_3_formal\682_3.png","F:\Pic_TOJ\pic_pool_step_3_formal\682_2.png","F:\Pic_TOJ\pic_pool_step_3_formal\682_1.png","F:\Pic_TOJ\pic_pool_step_3_formal\682_3.png","bottom",0.846420899964869,1,1,1.20583715860733,0.875,88
"89",8,8,5,1,75,1,5,1,60,228,"J","F:\Pic_TOJ\pic_pool_step_3_formal\770_3.png","bottom","F:\Pic_TOJ\pic_pool_step_3_formal\770_3.png","F:\Pic_TOJ\pic_pool_step_3_formal\770_1.png","F:\Pic_TOJ\pic_pool_step_3_formal\770_2.png","F:\Pic_TOJ\pic_pool_step_3_formal\770_3.png","bottom",0.665176899870858,1,1,1.61639199508467,0.888888888888889,89
"90",9,9,5,1,75,1,5,1,60,228,"J","F:\Pic_TOJ\pic_pool_step_3_formal\682_3.png","bottom","F:\Pic_TOJ\pic_pool_step_3_formal\682_3.png","F:\Pic_TOJ\pic_pool_step_3_formal\682_1.png","F:\Pic_TOJ\pic_pool_step_3_formal\682_2.png","F:\Pic_TOJ\pic_pool_step_3_formal\682_3.png","bottom",0.595675999997184,1,1,1.63957923686457,0.9,90
"91",10,10,5,1,75,1,5,1,60,228,"J","F:\Pic_TOJ\pic_pool_step_3_formal\782_2.png","left","F:\Pic_TOJ\pic_pool_step_3_formal\782_3.png","F:\Pic_TOJ\pic_pool_step_3_formal\782_2.png","F:\Pic_TOJ\pic_pool_step_3_formal\782_1.png","F:\Pic_TOJ\pic_pool_step_3_formal\782_2.png","left",0.938988400157541,1,1,1.65693209480344,0.909090909090909,91
"92",11,11,5,1,75,1,5,1,60,228,"J","F:\Pic_TOJ\pic_pool_step_3_formal\1065_1.png","right","F:\Pic_TOJ\pic_pool_step_3_formal\1065_3.png","F:\Pic_TOJ\pic_pool_step_3_formal\1065_2.png","F:\Pic_TOJ\pic_pool_step_3_formal\1065_1.png","F:\Pic_TOJ\pic_pool_step_3_formal\1065_1.png","right",0.90787380002439,1,1,1.54829705932693,0.916666666666667,92
"93",12,12,5,1,75,1,5,1,60,228,"J","F:\Pic_TOJ\pic_pool_step_3_formal\682_3.png","right","F:\Pic_TOJ\pic_pool_step_3_formal\682_2.png","F:\Pic_TOJ\pic_pool_step_3_formal\682_1.png","F:\Pic_TOJ\pic_pool_step_3_formal\682_3.png","F:\Pic_TOJ\pic_pool_step_3_formal\682_1.png","left",0.253000400029123,0,0,0.885175378098576,0.846153846153846,93
"94",13,13,5,1,75,1,5,1,60,228,"J","F:\Pic_TOJ\pic_pool_step_3_formal\782_2.png","right","F:\Pic_TOJ\pic_pool_step_3_formal\782_1.png","F:\Pic_TOJ\pic_pool_step_3_formal\782_3.png","F:\Pic_TOJ\pic_pool_step_3_formal\782_2.png","F:\Pic_TOJ\pic_pool_step_3_formal\782_1.png","bottom",0.621525099966675,0,0,1.80429730932532,0.785714285714286,94
"95",14,14,5,1,75,1,5,1,60,228,"J","F:\Pic_TOJ\pic_pool_step_3_formal\1065_1.png","right","F:\Pic_TOJ\pic_pool_step_3_formal\1065_3.png","F:\Pic_TOJ\pic_pool_step_3_formal\1065_2.png","F:\Pic_TOJ\pic_pool_step_3_formal\1065_1.png","F:\Pic_TOJ\pic_pool_step_3_formal\1065_1.png","right",0.353082600049675,1,1,2.17974094581261,0.8,95
"96",15,15,5,1,75,1,5,1,60,228,"J","F:\Pic_TOJ\pic_pool_step_3_formal\770_3.png","right","F:\Pic_TOJ\pic_pool_step_3_formal\770_1.png","F:\Pic_TOJ\pic_pool_step_3_formal\770_2.png","F:\Pic_TOJ\pic_pool_step_3_formal\770_3.png","F:\Pic_TOJ\pic_pool_step_3_formal\770_3.png","right",0.779433599906042,1,1,2.14314624008221,0.8125,96
"97",16,16,5,1,75,1,5,1,60,228,"J","F:\Pic_TOJ\pic_pool_step_3_formal\770_3.png","right","F:\Pic_TOJ\pic_pool_step_3_formal\770_1.png","F:\Pic_TOJ\pic_pool_step_3_formal\770_2.png","F:\Pic_TOJ\pic_pool_step_3_formal\770_3.png","F:\Pic_TOJ\pic_pool_step_3_formal\770_3.png","right",1.12658789986745,1,1,1.13635941480142,0.823529411764706,97
"98",17,17,5,1,75,1,5,1,60,228,"J","F:\Pic_TOJ\pic_pool_step_3_formal\1065_1.png","right","F:\Pic_TOJ\pic_pool_step_3_formal\1065_2.png","F:\Pic_TOJ\pic_pool_step_3_formal\1065_3.png","F:\Pic_TOJ\pic_pool_step_3_formal\1065_1.png","F:\Pic_TOJ\pic_pool_step_3_formal\1065_3.png","left",0.682724299840629,0,0,2.15417469022958,0.777777777777778,98
"99",18,18,5,1,75,1,5,1,60,228,"J","F:\Pic_TOJ\pic_pool_step_3_formal\782_2.png","left","F:\Pic_TOJ\pic_pool_step_3_formal\782_3.png","F:\Pic_TOJ\pic_pool_step_3_formal\782_2.png","F:\Pic_TOJ\pic_pool_step_3_formal\782_1.png","F:\Pic_TOJ\pic_pool_step_3_formal\782_2.png","left",2.40538859996013,1,1,2.00732605926562,0.789473684210526,99
"100",19,19,5,1,75,1,5,1,60,228,"J","F:\Pic_TOJ\pic_pool_step_3_formal\682_3.png","right","F:\Pic_TOJ\pic_pool_step_3_formal\682_1.png","F:\Pic_TOJ\pic_pool_step_3_formal\682_2.png","F:\Pic_TOJ\pic_pool_step_3_formal\682_3.png","F:\Pic_TOJ\pic_pool_step_3_formal\682_3.png","right",0.382138300221413,1,1,0.908938547608153,0.8,100
